episode,cumulative_reward
0,13.075658798217773
1,110.09336853027344
2,125.69126892089844
3,200.09036254882812
4,199.75457763671875
5,200.14743041992188
6,199.7828826904297
7,199.89280700683594
8,156.89076232910156
9,146.0680694580078
10,199.732177734375
11,161.7206573486328
12,200.01361083984375
13,199.910400390625
14,200.13934326171875
